TRAIN,gs://ducks2/ducks5/rubber-duck-clipping-path-picture-id183034543-2021-03-28T08:16:38.979Z.jpg,rubberduck,0.06810631,0.06810631,0.94684386,0.06810631,0.94684386,0.80564785,0.06810631,0.80564785
TRAIN,gs://ducks2/ducks5/rainbow-rubber-ducks-picture-id174831664-2021-03-28T08:17:33.717Z.jpg,rubberduck,0.056478404,0.42358804,0.20487265,0.42358804,0.20487265,0.679402,0.056478404,0.679402
TRAIN,gs://ducks2/ducks5/rainbow-rubber-ducks-picture-id174831664-2021-03-28T08:17:33.717Z.jpg,rubberduck,0.65005535,0.44850498,0.79844964,0.44850498,0.79844964,0.68272424,0.65005535,0.68272424
TRAIN,gs://ducks2/ducks5/rainbow-rubber-ducks-picture-id174831664-2021-03-28T08:17:33.717Z.jpg,rubberduck,0.5027686,0.43687707,0.65005535,0.43687707,0.65005535,0.6710963,0.5027686,0.6710963
TRAIN,gs://ducks2/ducks5/rainbow-rubber-ducks-picture-id174831664-2021-03-28T08:17:33.717Z.jpg,rubberduck,0.20819491,0.42192692,0.35658914,0.42192692,0.35658914,0.68272424,0.20819491,0.68272424
TRAIN,gs://ducks2/ducks5/rainbow-rubber-ducks-picture-id174831664-2021-03-28T08:17:33.717Z.jpg,rubberduck,0.79512733,0.4451827,0.9490587,0.4451827,0.9490587,0.6694352,0.79512733,0.6694352
TRAIN,gs://ducks2/ducks5/rainbow-rubber-ducks-picture-id174831664-2021-03-28T08:17:33.717Z.jpg,rubberduck,0.3554817,0.4053156,0.503876,0.4053156,0.503876,0.67607975,0.3554817,0.67607975
TRAIN,gs://ducks2/ducks5/rubber-duck-vector-id468951808-2021-03-28T08:17:33.717Z.jpg,rubberduck,0.1179402,0.12292359,0.94186044,0.12292359,0.94186044,0.86212623,0.1179402,0.86212623
TRAIN,gs://ducks2/ducks5/pexels-ann-h-592677-2021-03-28T08:03:59.320Z.jpg,rubberduck,0.17165005,0.33554816,0.4330011,0.33554816,0.4330011,0.75581396,0.17165005,0.75581396
TRAIN,gs://ducks2/ducks5/pexels-armando-are-3759364-2021-03-28T08:03:59.320Z.jpg,rubberduck,0.3245033,0.06478405,0.95033115,0.06478405,0.95033115,0.961794,0.3245033,0.961794
TRAIN,gs://ducks2/ducks5/rubber-duck-swimming-in-blue-water-positive-concept-picture-id479590908-2021-03-28T08:17:33.717Z.jpg,rubberduck,0.24807528,0.18394649,0.46706587,0.18394649,0.46706587,0.6337793,0.24807528,0.6337793
TRAIN,gs://ducks2/ducks5/rubber-duck-isolated-transparent-background-vector-id1034428242-2021-03-28T08:17:33.717Z.jpg,rubberduck,0.1578073,0.14617941,0.83554816,0.14617941,0.83554816,0.77574754,0.1578073,0.77574754
TRAIN,gs://ducks2/ducks5/rubber-ducks-vector-id867153330-2021-03-28T08:17:33.717Z.jpg,rubberduck,0.014117647,0.008305647,0.31529412,0.008305647,0.31529412,0.5,0.014117647,0.5
TRAIN,gs://ducks2/ducks5/rubber-ducks-vector-id867153330-2021-03-28T08:17:33.717Z.jpg,rubberduck,0.18588236,0.47840533,0.54470587,0.47840533,0.54470587,0.961794,0.18588236,0.961794
TRAIN,gs://ducks2/ducks5/rubber-ducks-vector-id867153330-2021-03-28T08:17:33.717Z.jpg,rubberduck,0.65411764,0.028239202,0.9882353,0.028239202,0.9882353,0.5332226,0.65411764,0.5332226
TRAIN,gs://ducks2/ducks5/rubber-ducks-vector-id867153330-2021-03-28T08:17:33.717Z.jpg,rubberduck,0.32941177,0.018272426,0.6435294,0.018272426,0.6435294,0.5116279,0.32941177,0.5116279
TRAIN,gs://ducks2/ducks5/rubber-ducks-vector-id867153330-2021-03-28T08:17:33.717Z.jpg,rubberduck,0.56941175,0.5016611,0.8447059,0.5016611,0.8447059,0.96345514,0.56941175,0.96345514
TRAIN,gs://ducks2/ducks5/rubber-duck-covered-in-soap-picture-id140167089-2021-03-28T08:17:33.717Z.jpg,rubberduck,0.269103,0.179402,0.8222591,0.179402,0.8222591,0.81561464,0.269103,0.81561464
TRAIN,gs://ducks2/ducks5/rubber-duckling-in-a-different-angle-of-view-picture-id118367443-2021-03-28T08:17:33.717Z.jpg,rubberduck,0.5320787,0.2940171,0.71257484,0.2940171,0.71257484,0.71452993,0.5320787,0.71452993
TRAIN,gs://ducks2/ducks5/rubber-duckling-in-a-different-angle-of-view-picture-id118367443-2021-03-28T08:17:33.717Z.jpg,rubberduck,0.07014542,0.30598292,0.2917023,0.30598292,0.2917023,0.71282053,0.07014542,0.71282053
TRAIN,gs://ducks2/ducks5/rubber-duckling-in-a-different-angle-of-view-picture-id118367443-2021-03-28T08:17:33.717Z.jpg,rubberduck,0.74850297,0.2991453,0.92643285,0.2991453,0.92643285,0.71623933,0.74850297,0.71623933
TRAIN,gs://ducks2/ducks5/rubber-duckling-in-a-different-angle-of-view-picture-id118367443-2021-03-28T08:17:33.717Z.jpg,rubberduck,0.3156544,0.30598292,0.50213856,0.30598292,0.50213856,0.72136754,0.3156544,0.72136754
TRAIN,gs://ducks2/ducks5/yellow-rubber-duck-toy-floating-in-sea-water-beautiful-sunrise-picture-id1124342682-2021-03-28T08:16:38.979Z.jpg,rubberduck,0.60465115,0.6196013,0.70431894,0.6196013,0.70431894,0.769103,0.60465115,0.769103
TRAIN,gs://ducks2/ducks5/floating-rubber-duck-picture-id633708679-2021-03-28T08:16:38.979Z.jpg,rubberduck,0.2580645,0.11960133,0.73333335,0.11960133,0.73333335,0.8023256,0.2580645,0.8023256
TRAIN,gs://ducks2/ducks5/high-angle-view-of-yellow-rubber-duck-on-pink-background-picture-id1187162598-2021-03-28T08:16:38.979Z.jpg,rubberduck,0.42414173,0.071428575,0.59911406,0.071428575,0.59911406,0.3305648,0.42414173,0.3305648
TRAIN,gs://ducks2/ducks5/high-angle-view-of-yellow-rubber-duck-on-pink-background-picture-id1187162598-2021-03-28T08:16:38.979Z.jpg,rubberduck,0.24252492,0.5099668,0.41196012,0.5099668,0.41196012,0.76245844,0.24252492,0.76245844
TRAIN,gs://ducks2/ducks5/high-angle-view-of-yellow-rubber-duck-on-pink-background-picture-id1187162598-2021-03-28T08:16:38.979Z.jpg,rubberduck,0.6013289,0.54651165,0.76744187,0.54651165,0.76744187,0.79401994,0.6013289,0.79401994
TRAIN,gs://ducks2/ducks5/high-angle-view-of-yellow-rubber-duck-on-pink-background-picture-id1187162598-2021-03-28T08:16:38.979Z.jpg,rubberduck,0.585825,0.27740863,0.7508306,0.27740863,0.7508306,0.5282392,0.585825,0.5282392
TRAIN,gs://ducks2/ducks5/high-angle-view-of-yellow-rubber-duck-on-pink-background-picture-id1187162598-2021-03-28T08:16:38.979Z.jpg,rubberduck,0.4031008,0.70598006,0.58471763,0.70598006,0.58471763,0.961794,0.4031008,0.961794
TRAIN,gs://ducks2/ducks5/high-angle-view-of-yellow-rubber-duck-on-pink-background-picture-id1187162598-2021-03-28T08:16:38.979Z.jpg,rubberduck,0.26245847,0.22757475,0.43189368,0.22757475,0.43189368,0.47840533,0.26245847,0.47840533
TRAIN,gs://ducks2/ducks5/rubber-duck-icon-flat-illustration-vector-id1069682322-2021-03-28T08:17:33.717Z.jpg,rubberduck,0.33167082,0.38704318,0.5311721,0.38704318,0.5311721,0.6627907,0.33167082,0.6627907
TRAIN,gs://ducks2/ducks5/pexels-anthony-132464-2021-03-28T08:03:59.320Z.jpg,rubberduck,0.5997877,0.20099668,0.9426752,0.20099668,0.9426752,0.76245844,0.5997877,0.76245844
TRAIN,gs://ducks2/ducks5/pexels-anthony-132464-2021-03-28T08:03:59.320Z.jpg,rubberduck,0.077494696,0.24916944,0.470276,0.24916944,0.470276,0.8820598,0.077494696,0.8820598
TRAIN,gs://ducks2/ducks5/rubber-duck-picture-id520757577-2021-03-28T08:17:33.717Z.jpg,rubberduck,0.16923077,0.08139535,0.6659341,0.08139535,0.6659341,0.8986711,0.16923077,0.8986711
TRAIN,gs://ducks2/ducks5/rescue-and-assistance-concept-rubber-duck-drowning-and-floating-on-picture-id1015679838-2021-03-28T08:17:33.717Z.jpg,rubberduck,0.27715996,0.58312654,0.39264327,0.58312654,0.39264327,0.9230769,0.27715996,0.9230769
TRAIN,gs://ducks2/ducks5/rescue-and-assistance-concept-rubber-duck-drowning-and-floating-on-picture-id1015679838-2021-03-28T08:17:33.717Z.jpg,rubberduck,0.09837468,0.40694788,0.21556886,0.40694788,0.21556886,0.8064516,0.09837468,0.8064516
TRAIN,gs://ducks2/ducks5/rescue-and-assistance-concept-rubber-duck-drowning-and-floating-on-picture-id1015679838-2021-03-28T08:17:33.717Z.jpg,rubberduck,0.77159965,0.044665013,0.899059,0.044665013,0.899059,0.44168735,0.77159965,0.44168735
TRAIN,gs://ducks2/ducks5/rescue-and-assistance-concept-rubber-duck-drowning-and-floating-on-picture-id1015679838-2021-03-28T08:17:33.717Z.jpg,rubberduck,0.615911,0.3126551,0.7271172,0.3126551,0.7271172,0.6600496,0.615911,0.6600496
TRAIN,gs://ducks2/ducks5/box-full-of-toys-donations-picture-id171582532-2021-03-28T08:02:36.770Z.jpg,,,,,,,,,
TRAIN,gs://ducks2/ducks5/yellow-plastic-duck-picture-id648791224-2021-03-28T08:16:38.979Z.jpg,rubberduck,0.1627907,0.2807309,0.5393134,0.2807309,0.5393134,0.910299,0.1627907,0.910299
TRAIN,gs://ducks2/ducks5/object-rubber-ducky-with-clipping-path-picture-id172151700-2021-03-28T08:16:38.979Z.jpg,rubberduck,0.14285715,0.071428575,0.68770766,0.071428575,0.68770766,0.8604651,0.14285715,0.8604651
TRAIN,gs://ducks2/ducks5/blue-background-with-bubbles-and-a-rubber-duck-vector-id181296433-2021-03-28T08:17:33.717Z.jpg,rubberduck,0.5332226,0.5398671,0.86544853,0.5398671,0.86544853,0.8305648,0.5332226,0.8305648
TRAIN,gs://ducks2/ducks5/keeping-close-to-mother-duck-picture-id160473475-2021-03-28T08:16:38.979Z.jpg,rubberduck,0.6084071,0.4269103,0.90486723,0.4269103,0.90486723,0.60299003,0.6084071,0.60299003
TRAIN,gs://ducks2/ducks5/keeping-close-to-mother-duck-picture-id160473475-2021-03-28T08:16:38.979Z.jpg,rubberduck,0.13495575,0.59634554,0.54646015,0.59634554,0.54646015,0.9435216,0.13495575,0.9435216
TRAIN,gs://ducks2/ducks5/keeping-close-to-mother-duck-picture-id160473475-2021-03-28T08:16:38.979Z.jpg,rubberduck,0.48893806,0.22425249,0.70132744,0.22425249,0.70132744,0.37873754,0.48893806,0.37873754
TRAIN,gs://ducks2/ducks5/keeping-close-to-mother-duck-picture-id160473475-2021-03-28T08:16:38.979Z.jpg,rubberduck,0.23672566,0.069767445,0.49115044,0.069767445,0.49115044,0.27740863,0.23672566,0.27740863
TRAIN,gs://ducks2/ducks5/keeping-close-to-mother-duck-picture-id160473475-2021-03-28T08:16:38.979Z.jpg,rubberduck,0.48672566,0.5398671,0.76106197,0.5398671,0.76106197,0.7358804,0.48672566,0.7358804
TRAIN,gs://ducks2/ducks5/keeping-close-to-mother-duck-picture-id160473475-2021-03-28T08:16:38.979Z.jpg,rubberduck,0.6039823,0.31727573,0.84070796,0.31727573,0.84070796,0.47009966,0.6039823,0.47009966
TRAIN,gs://ducks2/ducks5/get-all-your-rubber-ducks-in-a-row-picture-id147800345-2021-03-28T08:17:33.717Z.jpg,rubberduck,0.7063563,0.16445182,0.817368,0.16445182,0.817368,0.50664455,0.7063563,0.50664455
TRAIN,gs://ducks2/ducks5/get-all-your-rubber-ducks-in-a-row-picture-id147800345-2021-03-28T08:17:33.717Z.jpg,rubberduck,0.4628469,0.14119601,0.6705461,0.14119601,0.6705461,0.692691,0.4628469,0.692691
TRAIN,gs://ducks2/ducks5/get-all-your-rubber-ducks-in-a-row-picture-id147800345-2021-03-28T08:17:33.717Z.jpg,rubberduck,0.7717099,0.1744186,0.84780663,0.1744186,0.84780663,0.46179402,0.7717099,0.46179402
TRAIN,gs://ducks2/ducks5/get-all-your-rubber-ducks-in-a-row-picture-id147800345-2021-03-28T08:17:33.717Z.jpg,rubberduck,0.16114593,0.11960133,0.5165622,0.11960133,0.5165622,0.8870432,0.16114593,0.8870432
TRAIN,gs://ducks2/ducks5/get-all-your-rubber-ducks-in-a-row-picture-id147800345-2021-03-28T08:17:33.717Z.jpg,rubberduck,0.610564,0.15448505,0.76275736,0.15448505,0.76275736,0.56478405,0.610564,0.56478405
TRAIN,gs://ducks2/ducks5/line-of-yellow-rubber-ducks-moving-in-an-orderly-line-with-one-yellow-picture-id1157710297-2021-03-28T08:17:33.717Z.jpg,rubberduck,0.70402056,0.5948718,0.89734817,0.5948718,0.89734817,0.8957265,0.70402056,0.8957265
TRAIN,gs://ducks2/ducks5/line-of-yellow-rubber-ducks-moving-in-an-orderly-line-with-one-yellow-picture-id1157710297-2021-03-28T08:17:33.717Z.jpg,rubberduck,0.7151411,0.30598292,0.87254065,0.30598292,0.87254065,0.5521368,0.7151411,0.5521368
TRAIN,gs://ducks2/ducks5/line-of-yellow-rubber-ducks-moving-in-an-orderly-line-with-one-yellow-picture-id1157710297-2021-03-28T08:17:33.717Z.jpg,rubberduck,0.49272883,0.45641026,0.64585114,0.45641026,0.64585114,0.75213677,0.49272883,0.75213677
TRAIN,gs://ducks2/ducks5/pexels-pixabay-106144-2021-03-28T08:03:59.320Z.jpg,rubberduck,0.39072847,0.42358804,0.5684327,0.42358804,0.5684327,0.75581396,0.39072847,0.75581396
TRAIN,gs://ducks2/ducks5/pexels-pixabay-106144-2021-03-28T08:03:59.320Z.jpg,rubberduck,0.4646799,0.26744187,0.5629139,0.26744187,0.5629139,0.4385382,0.4646799,0.4385382
TRAIN,gs://ducks2/ducks5/rubber-duck-clipping-path-picture-id183034543-2021-03-28T08:17:33.717Z.jpg,rubberduck,0.07807309,0.071428575,0.9401993,0.071428575,0.9401993,0.7790698,0.07807309,0.7790698
TRAIN,gs://ducks2/ducks5/many-rows-of-yellow-rubber-ducks-on-light-blue-background-picture-id163907250-2021-03-28T08:17:33.717Z.jpg,rubberduck,0.27353266,0.11960133,0.4551495,0.11960133,0.4551495,0.38039866,0.27353266,0.38039866
TRAIN,gs://ducks2/ducks5/many-rows-of-yellow-rubber-ducks-on-light-blue-background-picture-id163907250-2021-03-28T08:17:33.717Z.jpg,rubberduck,0.4053156,0.19435216,0.6057586,0.19435216,0.6057586,0.49833888,0.4053156,0.49833888
TRAIN,gs://ducks2/ducks5/many-rows-of-yellow-rubber-ducks-on-light-blue-background-picture-id163907250-2021-03-28T08:17:33.717Z.jpg,rubberduck,0.004429679,0.16445182,0.18493909,0.16445182,0.18493909,0.43023255,0.004429679,0.43023255
TRAIN,gs://ducks2/ducks5/many-rows-of-yellow-rubber-ducks-on-light-blue-background-picture-id163907250-2021-03-28T08:17:33.717Z.jpg,rubberduck,0.26799557,0.32890365,0.48062015,0.32890365,0.48062015,0.6395349,0.26799557,0.6395349
TRAIN,gs://ducks2/ducks5/many-rows-of-yellow-rubber-ducks-on-light-blue-background-picture-id163907250-2021-03-28T08:17:33.717Z.jpg,rubberduck,0.3986711,0.008305647,0.5780731,0.008305647,0.5780731,0.2707641,0.3986711,0.2707641
TRAIN,gs://ducks2/ducks5/many-rows-of-yellow-rubber-ducks-on-light-blue-background-picture-id163907250-2021-03-28T08:17:33.717Z.jpg,rubberduck,0.10299003,0.45681062,0.32447398,0.45681062,0.32447398,0.7890366,0.10299003,0.7890366
TRAIN,gs://ducks2/ducks5/many-rows-of-yellow-rubber-ducks-on-light-blue-background-picture-id163907250-2021-03-28T08:17:33.717Z.jpg,rubberduck,0.023255814,0.004983389,0.17607974,0.004983389,0.17607974,0.19601329,0.023255814,0.19601329
TRAIN,gs://ducks2/ducks5/many-rows-of-yellow-rubber-ducks-on-light-blue-background-picture-id163907250-2021-03-28T08:17:33.717Z.jpg,rubberduck,0.004429679,0.6229236,0.1627907,0.6229236,0.1627907,0.95681065,0.004429679,0.95681065
TRAIN,gs://ducks2/ducks5/many-rows-of-yellow-rubber-ducks-on-light-blue-background-picture-id163907250-2021-03-28T08:17:33.717Z.jpg,rubberduck,0.003322259,0.3654485,0.16943522,0.3654485,0.16943522,0.6627907,0.003322259,0.6627907
TRAIN,gs://ducks2/ducks5/many-rows-of-yellow-rubber-ducks-on-light-blue-background-picture-id163907250-2021-03-28T08:17:33.717Z.jpg,rubberduck,0.269103,0.0016611295,0.4374308,0.0016611295,0.4374308,0.17109634,0.269103,0.17109634
TRAIN,gs://ducks2/ducks5/many-rows-of-yellow-rubber-ducks-on-light-blue-background-picture-id163907250-2021-03-28T08:17:33.717Z.jpg,rubberduck,0.5481728,0.08637874,0.72757477,0.08637874,0.72757477,0.3554817,0.5481728,0.3554817
TRAIN,gs://ducks2/ducks5/many-rows-of-yellow-rubber-ducks-on-light-blue-background-picture-id163907250-2021-03-28T08:17:33.717Z.jpg,rubberduck,0.13178295,0.0448505,0.3133998,0.0448505,0.3133998,0.30232558,0.13178295,0.30232558
TRAIN,gs://ducks2/ducks5/many-rows-of-yellow-rubber-ducks-on-light-blue-background-picture-id163907250-2021-03-28T08:17:33.717Z.jpg,rubberduck,0.65559244,0.004983389,0.83942413,0.004983389,0.83942413,0.25083056,0.65559244,0.25083056
TRAIN,gs://ducks2/ducks5/many-rows-of-yellow-rubber-ducks-on-light-blue-background-picture-id163907250-2021-03-28T08:17:33.717Z.jpg,rubberduck,0.12624584,0.22923589,0.32668883,0.22923589,0.32668883,0.5099668,0.12624584,0.5099668
TRAIN,gs://ducks2/ducks5/rubber-duck-floating-in-bath-picture-id633708677-2021-03-28T08:16:38.979Z.jpg,rubberduck,0.30860215,0.13122924,0.66129035,0.13122924,0.66129035,0.49667773,0.30860215,0.49667773
TRAIN,gs://ducks2/ducks5/yellow-ducks-in-studio-shot-picture-id130900098-2021-03-28T08:16:38.979Z.jpg,rubberduck,0.12513843,0.3372093,0.31672204,0.3372093,0.31672204,0.60299003,0.12513843,0.60299003
TRAIN,gs://ducks2/ducks5/yellow-ducks-in-studio-shot-picture-id130900098-2021-03-28T08:16:38.979Z.jpg,rubberduck,0.3654485,0.31727573,0.5481728,0.31727573,0.5481728,0.6129568,0.3654485,0.6129568
TRAIN,gs://ducks2/ducks5/yellow-ducks-in-studio-shot-picture-id130900098-2021-03-28T08:16:38.979Z.jpg,rubberduck,0.5880399,0.22425249,0.82834995,0.22425249,0.82834995,0.59634554,0.5880399,0.59634554
TRAIN,gs://ducks2/ducks5/pexels-andre-moura-2764989-2021-03-28T08:03:59.320Z.jpg,rubberduck,0.40486726,0.3820598,0.6946903,0.3820598,0.6946903,0.59468436,0.40486726,0.59468436
TRAIN,gs://ducks2/ducks5/line-of-yellow-rubber-ducks-moving-in-an-orderly-line-with-one-yellow-picture-id1146598634-2021-03-28T08:17:33.717Z.jpg,rubberduck,0.50128317,0.3025641,0.65355,0.3025641,0.65355,0.63418806,0.50128317,0.63418806
TRAIN,gs://ducks2/ducks5/line-of-yellow-rubber-ducks-moving-in-an-orderly-line-with-one-yellow-picture-id1146598634-2021-03-28T08:17:33.717Z.jpg,rubberduck,0.66210437,0.41880342,0.81351584,0.41880342,0.81351584,0.72649574,0.66210437,0.72649574
TRAIN,gs://ducks2/ducks5/line-of-yellow-rubber-ducks-moving-in-an-orderly-line-with-one-yellow-picture-id1146598634-2021-03-28T08:17:33.717Z.jpg,rubberduck,0.7288281,0.21538462,0.8691189,0.21538462,0.8691189,0.4905983,0.7288281,0.4905983
TRAIN,gs://ducks2/ducks5/line-of-yellow-rubber-ducks-moving-in-an-orderly-line-with-one-yellow-picture-id1146598634-2021-03-28T08:17:33.717Z.jpg,rubberduck,0.62617624,0.5470086,0.7818648,0.5470086,0.7818648,0.8991453,0.62617624,0.8991453
TRAIN,gs://ducks2/ducks5/bathtime-picture-id172911179-2021-03-28T08:02:36.770Z.jpg,rubberduck,0.31007752,0.06810631,0.6456257,0.06810631,0.6456257,0.46843854,0.31007752,0.46843854
TRAIN,gs://ducks2/ducks5/closeup-of-yellow-rubber-duck-over-blue-background-picture-id888173466-2021-03-28T08:02:36.770Z.jpg,rubberduck,0.33554816,0.26079735,0.66002214,0.26079735,0.66002214,0.6777409,0.33554816,0.6777409
TRAIN,gs://ducks2/ducks5/rubber-duck-icon-flat-vector-id930212696-2021-03-28T08:17:33.717Z.jpg,rubberduck,0.23754153,0.18604651,0.7873754,0.18604651,0.7873754,0.81561464,0.23754153,0.81561464
TRAIN,gs://ducks2/ducks5/large-group-of-yellow-rubber-toy-ducks-picture-id1155103294-2021-03-28T08:17:33.717Z.jpg,rubberduck,0.0011074197,0.37375414,0.046511628,0.37375414,0.046511628,0.54318935,0.0011074197,0.54318935
TRAIN,gs://ducks2/ducks5/large-group-of-yellow-rubber-toy-ducks-picture-id1155103294-2021-03-28T08:17:33.717Z.jpg,rubberduck,0.40863788,0.589701,0.53156143,0.589701,0.53156143,0.7990033,0.40863788,0.7990033
TRAIN,gs://ducks2/ducks5/large-group-of-yellow-rubber-toy-ducks-picture-id1155103294-2021-03-28T08:17:33.717Z.jpg,rubberduck,0.27131784,0.16445182,0.40199336,0.16445182,0.40199336,0.3654485,0.27131784,0.3654485
TRAIN,gs://ducks2/ducks5/large-group-of-yellow-rubber-toy-ducks-picture-id1155103294-2021-03-28T08:17:33.717Z.jpg,rubberduck,0.3255814,0.0016611295,0.45847178,0.0016611295,0.45847178,0.17607974,0.3255814,0.17607974
TRAIN,gs://ducks2/ducks5/large-group-of-yellow-rubber-toy-ducks-picture-id1155103294-2021-03-28T08:17:33.717Z.jpg,rubberduck,0.8095238,0.15116279,0.94684386,0.15116279,0.94684386,0.3255814,0.8095238,0.3255814
TRAIN,gs://ducks2/ducks5/large-group-of-yellow-rubber-toy-ducks-picture-id1155103294-2021-03-28T08:17:33.717Z.jpg,rubberduck,0.53045404,0.5564784,0.6611296,0.5564784,0.6611296,0.76245844,0.53045404,0.76245844
TRAIN,gs://ducks2/ducks5/large-group-of-yellow-rubber-toy-ducks-picture-id1155103294-2021-03-28T08:17:33.717Z.jpg,rubberduck,0.49169436,0.6976744,0.6223699,0.6976744,0.6223699,0.8936877,0.49169436,0.8936877
TRAIN,gs://ducks2/ducks5/large-group-of-yellow-rubber-toy-ducks-picture-id1155103294-2021-03-28T08:17:33.717Z.jpg,rubberduck,0.46843854,0.4385382,0.6223699,0.4385382,0.6223699,0.61627907,0.46843854,0.61627907
TRAIN,gs://ducks2/ducks5/large-group-of-yellow-rubber-toy-ducks-picture-id1155103294-2021-03-28T08:17:33.717Z.jpg,rubberduck,0.7707641,0.40863788,0.89700997,0.40863788,0.89700997,0.57641196,0.7707641,0.57641196
TRAIN,gs://ducks2/ducks5/large-group-of-yellow-rubber-toy-ducks-picture-id1155103294-2021-03-28T08:17:33.717Z.jpg,rubberduck,0.048726466,0.54318935,0.18493909,0.54318935,0.18493909,0.7491694,0.048726466,0.7491694
TRAIN,gs://ducks2/ducks5/large-group-of-yellow-rubber-toy-ducks-picture-id1155103294-2021-03-28T08:17:33.717Z.jpg,rubberduck,0.30454043,0.769103,0.4496124,0.769103,0.4496124,0.95514953,0.30454043,0.95514953
TRAIN,gs://ducks2/ducks5/large-group-of-yellow-rubber-toy-ducks-picture-id1155103294-2021-03-28T08:17:33.717Z.jpg,rubberduck,0.5437431,0.7807309,0.6866002,0.7807309,0.6866002,0.9667774,0.5437431,0.9667774
TRAIN,gs://ducks2/ducks5/large-group-of-yellow-rubber-toy-ducks-picture-id1155103294-2021-03-28T08:17:33.717Z.jpg,rubberduck,0.19601329,0.31063122,0.34440753,0.31063122,0.34440753,0.5099668,0.19601329,0.5099668
TRAIN,gs://ducks2/ducks5/large-group-of-yellow-rubber-toy-ducks-picture-id1155103294-2021-03-28T08:17:33.717Z.jpg,rubberduck,0.67884827,0.37707642,0.81838316,0.37707642,0.81838316,0.59302324,0.67884827,0.59302324
TRAIN,gs://ducks2/ducks5/large-group-of-yellow-rubber-toy-ducks-picture-id1155103294-2021-03-28T08:17:33.717Z.jpg,rubberduck,0.48615727,0.004983389,0.6013289,0.004983389,0.6013289,0.16445182,0.48615727,0.16445182
TRAIN,gs://ducks2/ducks5/large-group-of-yellow-rubber-toy-ducks-picture-id1155103294-2021-03-28T08:17:33.717Z.jpg,rubberduck,0.6677741,0.6710963,0.79401994,0.6710963,0.79401994,0.87541527,0.6677741,0.87541527
TRAIN,gs://ducks2/ducks5/large-group-of-yellow-rubber-toy-ducks-picture-id1155103294-2021-03-28T08:17:33.717Z.jpg,rubberduck,0.62458473,0.003322259,0.76854926,0.003322259,0.76854926,0.12624584,0.62458473,0.12624584
TRAIN,gs://ducks2/ducks5/large-group-of-yellow-rubber-toy-ducks-picture-id1155103294-2021-03-28T08:17:33.717Z.jpg,rubberduck,0.12735327,0.73754156,0.27796236,0.73754156,0.27796236,0.9086379,0.12735327,0.9086379
TRAIN,gs://ducks2/ducks5/large-group-of-yellow-rubber-toy-ducks-picture-id1155103294-2021-03-28T08:17:33.717Z.jpg,rubberduck,0.5227021,0.19269103,0.66002214,0.19269103,0.66002214,0.3754153,0.5227021,0.3754153
TRAIN,gs://ducks2/ducks5/large-group-of-yellow-rubber-toy-ducks-picture-id1155103294-2021-03-28T08:17:33.717Z.jpg,rubberduck,0.11406423,0.013289036,0.25581396,0.013289036,0.25581396,0.18106312,0.11406423,0.18106312
TRAIN,gs://ducks2/ducks5/large-group-of-yellow-rubber-toy-ducks-picture-id1155103294-2021-03-28T08:17:33.717Z.jpg,rubberduck,0.7297896,0.25747508,0.8803987,0.25747508,0.8803987,0.4152824,0.7297896,0.4152824
TRAIN,gs://ducks2/ducks5/large-group-of-yellow-rubber-toy-ducks-picture-id1155103294-2021-03-28T08:17:33.717Z.jpg,rubberduck,0.34551495,0.47009966,0.4772979,0.47009966,0.4772979,0.6710963,0.34551495,0.6710963
TRAIN,gs://ducks2/ducks5/large-group-of-yellow-rubber-toy-ducks-picture-id1155103294-2021-03-28T08:17:33.717Z.jpg,rubberduck,0.81838316,0.8305648,0.95348835,0.8305648,0.95348835,0.96511626,0.81838316,0.96511626
TRAIN,gs://ducks2/ducks5/large-group-of-yellow-rubber-toy-ducks-picture-id1155103294-2021-03-28T08:17:33.717Z.jpg,rubberduck,0.5393134,0.31893688,0.66555923,0.31893688,0.66555923,0.5282392,0.5393134,0.5282392
TRAIN,gs://ducks2/ducks5/large-group-of-yellow-rubber-toy-ducks-picture-id1155103294-2021-03-28T08:17:33.717Z.jpg,rubberduck,0.86932445,0.5299003,0.98781836,0.5299003,0.98781836,0.72259134,0.86932445,0.72259134
TRAIN,gs://ducks2/ducks5/large-group-of-yellow-rubber-toy-ducks-picture-id1155103294-2021-03-28T08:17:33.717Z.jpg,rubberduck,0.27353266,0.5564784,0.41749722,0.5564784,0.41749722,0.75415283,0.27353266,0.75415283
TRAIN,gs://ducks2/ducks5/large-group-of-yellow-rubber-toy-ducks-picture-id1155103294-2021-03-28T08:17:33.717Z.jpg,rubberduck,0.8095238,0.6495017,0.944629,0.6495017,0.944629,0.86212623,0.8095238,0.86212623
TRAIN,gs://ducks2/ducks5/large-group-of-yellow-rubber-toy-ducks-picture-id1155103294-2021-03-28T08:17:33.717Z.jpg,rubberduck,0.31672204,0.29235882,0.43964562,0.29235882,0.43964562,0.5099668,0.31672204,0.5099668
TRAIN,gs://ducks2/ducks5/large-group-of-yellow-rubber-toy-ducks-picture-id1155103294-2021-03-28T08:17:33.717Z.jpg,rubberduck,0.7297896,0.5099668,0.8815061,0.5099668,0.8815061,0.72757477,0.7297896,0.72757477
TRAIN,gs://ducks2/ducks5/large-group-of-yellow-rubber-toy-ducks-picture-id1155103294-2021-03-28T08:17:33.717Z.jpg,rubberduck,0.36212623,0.12624584,0.5160576,0.12624584,0.5160576,0.32724252,0.36212623,0.32724252
TRAIN,gs://ducks2/ducks5/large-group-of-yellow-rubber-toy-ducks-picture-id1155103294-2021-03-28T08:17:33.717Z.jpg,rubberduck,0.86710966,0.018272426,0.99778515,0.018272426,0.99778515,0.23089701,0.86710966,0.23089701
TRAIN,gs://ducks2/ducks5/large-group-of-yellow-rubber-toy-ducks-picture-id1155103294-2021-03-28T08:17:33.717Z.jpg,rubberduck,0.61461794,0.5099668,0.7552602,0.5099668,0.7552602,0.69435215,0.61461794,0.69435215
TRAIN,gs://ducks2/ducks5/large-group-of-yellow-rubber-toy-ducks-picture-id1155103294-2021-03-28T08:17:33.717Z.jpg,rubberduck,0.11406423,0.33388704,0.24584718,0.33388704,0.24584718,0.5199336,0.11406423,0.5199336
TRAIN,gs://ducks2/ducks5/row-of-rubber-ducks-in-bubble-bath-picture-id77740431-2021-03-28T08:16:38.979Z.jpg,rubberduck,0.30099502,0.53654486,0.74129355,0.53654486,0.74129355,0.87873757,0.30099502,0.87873757
TRAIN,gs://ducks2/ducks5/row-of-rubber-ducks-in-bubble-bath-picture-id77740431-2021-03-28T08:16:38.979Z.jpg,rubberduck,0.34079602,0.0016611295,0.53482586,0.0016611295,0.53482586,0.09800664,0.34079602,0.09800664
TRAIN,gs://ducks2/ducks5/row-of-rubber-ducks-in-bubble-bath-picture-id77740431-2021-03-28T08:16:38.979Z.jpg,rubberduck,0.25870648,0.18438539,0.5497512,0.18438539,0.5497512,0.3986711,0.25870648,0.3986711
TRAIN,gs://ducks2/ducks5/row-of-rubber-ducks-in-bubble-bath-picture-id77740431-2021-03-28T08:16:38.979Z.jpg,rubberduck,0.4079602,0.094684385,0.6169154,0.094684385,0.6169154,0.21096346,0.4079602,0.21096346
TRAIN,gs://ducks2/ducks5/row-of-rubber-ducks-in-bubble-bath-picture-id77740431-2021-03-28T08:16:38.979Z.jpg,rubberduck,0.40049753,0.33554816,0.71890545,0.33554816,0.71890545,0.55813956,0.40049753,0.55813956
TRAIN,gs://ducks2/ducks5/rubber-ducks-arranged-on-white-background-picture-id1147055943-2021-03-28T08:16:38.979Z.jpg,rubberduck,0.572536,0.410299,0.69878185,0.410299,0.69878185,0.57641196,0.572536,0.57641196
TRAIN,gs://ducks2/ducks5/rubber-ducks-arranged-on-white-background-picture-id1147055943-2021-03-28T08:16:38.979Z.jpg,rubberduck,0.85825026,0.41362128,0.9800664,0.41362128,0.9800664,0.58471763,0.85825026,0.58471763
TRAIN,gs://ducks2/ducks5/rubber-ducks-arranged-on-white-background-picture-id1147055943-2021-03-28T08:16:38.979Z.jpg,rubberduck,0.3089701,0.410299,0.42967886,0.410299,0.42967886,0.5681063,0.3089701,0.5681063
TRAIN,gs://ducks2/ducks5/rubber-ducks-arranged-on-white-background-picture-id1147055943-2021-03-28T08:16:38.979Z.jpg,rubberduck,0.18050942,0.40199336,0.29678848,0.40199336,0.29678848,0.5730897,0.18050942,0.5730897
TRAIN,gs://ducks2/ducks5/rubber-ducks-arranged-on-white-background-picture-id1147055943-2021-03-28T08:16:38.979Z.jpg,rubberduck,0.71428573,0.41196012,0.8316722,0.41196012,0.8316722,0.57641196,0.71428573,0.57641196
TRAIN,gs://ducks2/ducks5/rubber-ducks-arranged-on-white-background-picture-id1147055943-2021-03-28T08:16:38.979Z.jpg,rubberduck,0.44629014,0.41362128,0.56589144,0.41362128,0.56589144,0.57475084,0.44629014,0.57475084
TRAIN,gs://ducks2/ducks5/rubber-ducks-arranged-on-white-background-picture-id1147055943-2021-03-28T08:16:38.979Z.jpg,rubberduck,0.04318937,0.4003322,0.1627907,0.4003322,0.1627907,0.5697674,0.04318937,0.5697674
TRAIN,gs://ducks2/ducks5/yellow-rubber-ducks-in-a-line-on-colored-background-picture-id1297613500-2021-03-28T08:16:38.979Z.jpg,rubberduck,0.28460687,0.12126246,0.36655593,0.12126246,0.36655593,0.24252492,0.28460687,0.24252492
TRAIN,gs://ducks2/ducks5/yellow-rubber-ducks-in-a-line-on-colored-background-picture-id1297613500-2021-03-28T08:16:38.979Z.jpg,rubberduck,0.47840533,0.34053156,0.5570321,0.34053156,0.5570321,0.44850498,0.47840533,0.44850498
TRAIN,gs://ducks2/ducks5/yellow-rubber-ducks-in-a-line-on-colored-background-picture-id1297613500-2021-03-28T08:16:38.979Z.jpg,rubberduck,0.3709856,0.23255815,0.4551495,0.23255815,0.4551495,0.35714287,0.3709856,0.35714287
TRAIN,gs://ducks2/ducks5/yellow-rubber-ducks-in-a-line-on-colored-background-picture-id1297613500-2021-03-28T08:16:38.979Z.jpg,rubberduck,0.57918054,0.4451827,0.75858253,0.4451827,0.75858253,0.7026578,0.57918054,0.7026578
TRAIN,gs://ducks2/ducks5/quack-picture-id186820407-2021-03-28T08:16:38.979Z.jpg,rubberduck,0.4364641,0.26578072,0.85856354,0.26578072,0.85856354,0.78571427,0.4364641,0.78571427
TRAIN,gs://ducks2/ducks5/quack-picture-id186820407-2021-03-28T08:16:38.979Z.jpg,rubberduck,0.16685084,0.34385383,0.4165746,0.34385383,0.4165746,0.6810631,0.16685084,0.6810631
TRAIN,gs://ducks2/ducks5/high-angle-view-of-rubber-ducks-against-white-background-picture-id1166176952-2021-03-28T08:16:38.979Z.jpg,rubberduck,0.38981172,0.41694352,0.606866,0.41694352,0.606866,0.7109634,0.38981172,0.7109634
TRAIN,gs://ducks2/ducks5/high-angle-view-of-rubber-ducks-against-white-background-picture-id1166176952-2021-03-28T08:16:38.979Z.jpg,rubberduck,0.8028793,0.41694352,0.9778516,0.41694352,0.9778516,0.6627907,0.8028793,0.6627907
TRAIN,gs://ducks2/ducks5/high-angle-view-of-rubber-ducks-against-white-background-picture-id1166176952-2021-03-28T08:16:38.979Z.jpg,rubberduck,0.087486155,0.45847178,0.35769656,0.45847178,0.35769656,0.7109634,0.087486155,0.7109634
TRAIN,gs://ducks2/ducks5/high-angle-view-of-rubber-ducks-against-white-background-picture-id1166176952-2021-03-28T08:16:38.979Z.jpg,rubberduck,0.6290144,0.4435216,0.8095238,0.4435216,0.8095238,0.65614617,0.6290144,0.65614617
TRAIN,gs://ducks2/ducks5/duck-icon-vector-id639375682-2021-03-28T08:17:33.717Z.jpg,,,,,,,,,
TRAIN,gs://ducks2/ducks5/high-angle-view-of-stuffed-toy-over-white-background-picture-id1205985222-2021-03-28T08:16:38.979Z.jpg,rubberduck,0.86157256,0.0016611295,0.9988926,0.0016611295,0.9988926,0.24086379,0.86157256,0.24086379
TRAIN,gs://ducks2/ducks5/high-angle-view-of-stuffed-toy-over-white-background-picture-id1205985222-2021-03-28T08:16:38.979Z.jpg,rubberduck,0.75415283,0.13289036,0.9435216,0.13289036,0.9435216,0.40199336,0.75415283,0.40199336
TRAIN,gs://ducks2/ducks5/high-angle-view-of-stuffed-toy-over-white-background-picture-id1205985222-2021-03-28T08:16:38.979Z.jpg,rubberduck,0.6057586,0.23920266,0.79401994,0.23920266,0.79401994,0.5182724,0.6057586,0.5182724
TRAIN,gs://ducks2/ducks5/high-angle-view-of-stuffed-toy-over-white-background-picture-id1205985222-2021-03-28T08:16:38.979Z.jpg,rubberduck,0.13289036,0.6229236,0.3532669,0.6229236,0.3532669,0.9518272,0.13289036,0.9518272
TRAIN,gs://ducks2/ducks5/high-angle-view-of-stuffed-toy-over-white-background-picture-id1205985222-2021-03-28T08:16:38.979Z.jpg,rubberduck,0.4330011,0.40697673,0.627907,0.40697673,0.627907,0.68604654,0.4330011,0.68604654
TRAIN,gs://ducks2/ducks5/rubber-duck-picture-id173194795-2021-03-28T08:17:33.717Z.jpg,rubberduck,0.59800667,0.4435216,0.910299,0.4435216,0.910299,0.8687708,0.59800667,0.8687708
TRAIN,gs://ducks2/ducks5/just-ducky-6-picture-id173540955-2021-03-28T08:17:33.717Z.jpg,rubberduck,0.15099715,0.11627907,0.8632479,0.11627907,0.8632479,0.94186044,0.15099715,0.94186044
TRAIN,gs://ducks2/ducks5/rubber-duck-picture-id657125714-2021-03-28T08:17:33.717Z.jpg,rubberduck,0.16043957,0.08637874,0.66703296,0.08637874,0.66703296,0.92358804,0.16043957,0.92358804
TRAIN,gs://ducks2/ducks5/realistic-vector-rubber-duck-vector-id1209700091-2021-03-28T08:17:33.717Z.jpg,rubberduck,0.2358804,0.2641196,0.76744187,0.2641196,0.76744187,0.74418604,0.2358804,0.74418604
TEST,gs://ducks2/bath-rubber-duck-picture-id173028580-2021-03-28T07:47:19.693Z.jpg,rubberduck,0.23698781,0.051495016,0.841639,0.051495016,0.841639,0.90199333,0.23698781,0.90199333
TRAIN,gs://ducks2/ducks5/duck-face-vector-id1172037233-2021-03-28T08:02:36.770Z.jpg,rubberduck,0.025821596,0.011627907,0.98122066,0.011627907,0.98122066,0.8704319,0.025821596,0.8704319
TRAIN,gs://ducks2/ducks5/line-of-yellow-rubber-ducks-moving-in-an-orderly-line-with-one-yellow-picture-id1146607508-2021-03-28T08:17:33.717Z.jpg,rubberduck,0.47476476,0.44957265,0.62446535,0.44957265,0.62446535,0.75042737,0.47476476,0.75042737
TRAIN,gs://ducks2/ducks5/line-of-yellow-rubber-ducks-moving-in-an-orderly-line-with-one-yellow-picture-id1146607508-2021-03-28T08:17:33.717Z.jpg,rubberduck,0.6817793,0.35042736,0.81950384,0.35042736,0.81950384,0.591453,0.6817793,0.591453
TRAIN,gs://ducks2/ducks5/line-of-yellow-rubber-ducks-moving-in-an-orderly-line-with-one-yellow-picture-id1146607508-2021-03-28T08:17:33.717Z.jpg,rubberduck,0.6689478,0.5538462,0.83490163,0.5538462,0.83490163,0.8119658,0.6689478,0.8119658
TRAIN,gs://ducks2/ducks5/cute-looking-yellow-rubber-duck-picture-id182760814-2021-03-28T08:17:33.717Z.jpg,rubberduck,0.19512194,0.019933555,0.82384825,0.019933555,0.82384825,0.8903654,0.19512194,0.8903654
TRAIN,gs://ducks2/ducks5/pexels-peng-louis-1444751 (1)-2021-03-28T08:03:59.320Z.jpg,rubberduck,0.6181411,0.63621265,0.774916,0.63621265,0.774916,0.9086379,0.6181411,0.9086379
TRAIN,gs://ducks2/ducks5/pexels-peng-louis-1444751 (1)-2021-03-28T08:03:59.320Z.jpg,rubberduck,0.76819706,0.6295681,0.95968646,0.6295681,0.95968646,0.90365446,0.76819706,0.90365446
TRAIN,gs://ducks2/ducks5/pexels-peng-louis-1444751 (1)-2021-03-28T08:03:59.320Z.jpg,rubberduck,0.84770435,0.40863788,0.99776036,0.40863788,0.99776036,0.75581396,0.84770435,0.75581396
TRAIN,gs://ducks2/ducks5/rubber-duck-vector-id165979933-2021-03-28T08:16:38.979Z.jpg,rubberduck,0.05952381,0.009966778,0.8637566,0.009966778,0.8637566,0.910299,0.05952381,0.910299
TRAIN,gs://ducks2/ducks5/rubber-duck-picture-id184336400-2021-03-28T08:16:38.979Z.jpg,,,,,,,,,
TRAIN,gs://ducks2/ducks5/rubber-ducks-vector-id867153330-2021-03-28T08:16:38.979Z.jpg,,,,,,,,,
TRAIN,gs://ducks2/ducks5/rubber-ducks-in-the-bath-vector-id867153332-2021-03-28T08:17:33.717Z.jpg,,,,,,,,,
TRAIN,gs://ducks2/ducks5/rubber-duck-picture-id476147637-2021-03-28T08:17:33.717Z.jpg,,,,,,,,,
TRAIN,gs://ducks2/ducks5/yellow-rubber-duck-picture-id91114183-2021-03-28T08:16:38.979Z.jpg,,,,,,,,,
TRAIN,gs://ducks2/ducks5/toy-rubber-duck-picture-id71533427-2021-03-28T08:16:38.979Z.jpg,,,,,,,,,
TRAIN,gs://ducks2/ducks5/rubber-ducky-picture-id172934476-2021-03-28T08:16:38.979Z.jpg,,,,,,,,,
TRAIN,gs://ducks2/ducks5/pexels-george-becker-122308-2021-03-28T08:03:59.320Z.jpg,rubberduck,0.8650519,0.29069766,0.99221456,0.29069766,0.99221456,0.961794,0.8650519,0.961794
TRAIN,gs://ducks2/ducks5/pexels-george-becker-122308-2021-03-28T08:03:59.320Z.jpg,rubberduck,0.29930797,0.358804,0.48010382,0.358804,0.48010382,0.8089701,0.29930797,0.8089701
TRAIN,gs://ducks2/ducks5/pexels-george-becker-122308-2021-03-28T08:03:59.320Z.jpg,rubberduck,0.64446366,0.36710963,0.78287196,0.36710963,0.78287196,0.9385382,0.64446366,0.9385382
TRAIN,gs://ducks2/ducks5/pexels-george-becker-122308-2021-03-28T08:03:59.320Z.jpg,rubberduck,0.4852941,0.36212623,0.64186853,0.36212623,0.64186853,0.81395346,0.4852941,0.81395346
TRAIN,gs://ducks2/ducks5/pexels-george-becker-122308-2021-03-28T08:03:59.320Z.jpg,rubberduck,0.7880623,0.5215947,0.90138406,0.5215947,0.90138406,0.87375414,0.7880623,0.87375414
TRAIN,gs://ducks2/ducks5/one-out-unique-rubber-duck-concept-picture-id1058408878-2021-03-28T08:17:33.717Z.jpg,rubberduck,0.0033407572,0.004983389,0.14699332,0.004983389,0.14699332,0.12292359,0.0033407572,0.12292359
TRAIN,gs://ducks2/ducks5/one-out-unique-rubber-duck-concept-picture-id1058408878-2021-03-28T08:17:33.717Z.jpg,rubberduck,0.6158129,0.37707642,0.8062361,0.37707642,0.8062361,0.60465115,0.6158129,0.60465115
TRAIN,gs://ducks2/ducks5/one-out-unique-rubber-duck-concept-picture-id1058408878-2021-03-28T08:17:33.717Z.jpg,rubberduck,0.20155902,0.8803987,0.3530067,0.8803987,0.3530067,0.961794,0.20155902,0.961794
TRAIN,gs://ducks2/ducks5/one-out-unique-rubber-duck-concept-picture-id1058408878-2021-03-28T08:17:33.717Z.jpg,rubberduck,0.2026726,0.45847178,0.3530067,0.45847178,0.3530067,0.7093023,0.2026726,0.7093023
TRAIN,gs://ducks2/ducks5/one-out-unique-rubber-duck-concept-picture-id1058408878-2021-03-28T08:17:33.717Z.jpg,rubberduck,0.87750554,0.23421927,0.9966592,0.23421927,0.9966592,0.45847178,0.87750554,0.45847178
TRAIN,gs://ducks2/ducks5/one-out-unique-rubber-duck-concept-picture-id1058408878-2021-03-28T08:17:33.717Z.jpg,rubberduck,0.8674833,0.6229236,0.9988864,0.6229236,0.9988864,0.8372093,0.8674833,0.8372093
TRAIN,gs://ducks2/ducks5/one-out-unique-rubber-duck-concept-picture-id1058408878-2021-03-28T08:17:33.717Z.jpg,rubberduck,0.20601337,0.03986711,0.37527838,0.03986711,0.37527838,0.26578072,0.20601337,0.26578072
TRAIN,gs://ducks2/ducks5/one-out-unique-rubber-duck-concept-picture-id1058408878-2021-03-28T08:17:33.717Z.jpg,rubberduck,0.4376392,0.68438536,0.5902004,0.68438536,0.5902004,0.9368771,0.4376392,0.9368771
TRAIN,gs://ducks2/ducks5/one-out-unique-rubber-duck-concept-picture-id1058408878-2021-03-28T08:17:33.717Z.jpg,rubberduck,0.64699334,0.003322259,0.8296214,0.003322259,0.8296214,0.18770765,0.64699334,0.18770765
TRAIN,gs://ducks2/ducks5/one-out-unique-rubber-duck-concept-picture-id1058408878-2021-03-28T08:17:33.717Z.jpg,rubberduck,0.0011135858,0.25747508,0.11804009,0.25747508,0.11804009,0.47508305,0.0011135858,0.47508305
TRAIN,gs://ducks2/ducks5/one-out-unique-rubber-duck-concept-picture-id1058408878-2021-03-28T08:17:33.717Z.jpg,rubberduck,0.0022271716,0.6063123,0.11915368,0.6063123,0.11915368,0.8687708,0.0022271716,0.8687708
TRAIN,gs://ducks2/ducks5/one-out-unique-rubber-duck-concept-picture-id1058408878-2021-03-28T08:17:33.717Z.jpg,rubberduck,0.41091314,0.2475083,0.55345213,0.2475083,0.55345213,0.49169436,0.41091314,0.49169436
TRAIN,gs://ducks2/ducks5/girl-bathing-vector-id513040742-2021-03-28T08:16:38.979Z.jpg,,,,,,,,,
VALIDATION,gs://ducks2/ducks5/rubber-ducks-on-yellow-background-individuality-ideas-picture-id967113060-2021-03-28T08:17:33.717Z.jpg,rubberduck,0.7297896,0.49335548,0.8516058,0.49335548,0.8516058,0.6960133,0.7297896,0.6960133
VALIDATION,gs://ducks2/ducks5/rubber-ducks-on-yellow-background-individuality-ideas-picture-id967113060-2021-03-28T08:17:33.717Z.jpg,rubberduck,0.15503876,0.4900332,0.27685493,0.4900332,0.27685493,0.6976744,0.15503876,0.6976744
VALIDATION,gs://ducks2/ducks5/rubber-ducks-on-yellow-background-individuality-ideas-picture-id967113060-2021-03-28T08:17:33.717Z.jpg,rubberduck,0.4374308,0.4950166,0.55924696,0.4950166,0.55924696,0.6976744,0.4374308,0.6976744
VALIDATION,gs://ducks2/ducks5/rubber-ducks-on-yellow-background-individuality-ideas-picture-id967113060-2021-03-28T08:17:33.717Z.jpg,rubberduck,0.5813953,0.50332224,0.70321155,0.50332224,0.70321155,0.69435215,0.5813953,0.69435215
VALIDATION,gs://ducks2/ducks5/rubber-ducks-on-yellow-background-individuality-ideas-picture-id967113060-2021-03-28T08:17:33.717Z.jpg,rubberduck,0.30121815,0.4950166,0.41971207,0.4950166,0.41971207,0.692691,0.30121815,0.692691
VALIDATION,gs://ducks2/ducks5/rubber-ducks-picture-id471880677-2021-03-28T08:17:33.717Z.jpg,rubberduck,0.7590206,0.48969072,0.95747423,0.48969072,0.95747423,0.7010309,0.7590206,0.7010309
VALIDATION,gs://ducks2/ducks5/rubber-ducks-picture-id471880677-2021-03-28T08:17:33.717Z.jpg,rubberduck,0.35824743,0.38659793,0.5193299,0.38659793,0.5193299,0.65807563,0.35824743,0.65807563
VALIDATION,gs://ducks2/ducks5/rubber-ducks-picture-id471880677-2021-03-28T08:17:33.717Z.jpg,rubberduck,0.25902063,0.27319586,0.4420103,0.27319586,0.4420103,0.4742268,0.25902063,0.4742268
VALIDATION,gs://ducks2/ducks5/rubber-ducks-picture-id471880677-2021-03-28T08:17:33.717Z.jpg,rubberduck,0.0012886598,0.15120275,0.12757732,0.15120275,0.12757732,0.36426118,0.0012886598,0.36426118
VALIDATION,gs://ducks2/ducks5/rubber-ducks-picture-id471880677-2021-03-28T08:17:33.717Z.jpg,rubberduck,0.5579897,0.6546392,0.7306701,0.6546392,0.7306701,0.89862543,0.5579897,0.89862543
VALIDATION,gs://ducks2/ducks5/rubber-ducks-picture-id471880677-2021-03-28T08:17:33.717Z.jpg,rubberduck,0.11726804,0.116838485,0.29252577,0.116838485,0.29252577,0.32130584,0.11726804,0.32130584
VALIDATION,gs://ducks2/ducks5/rubber-ducks-picture-id471880677-2021-03-28T08:17:33.717Z.jpg,rubberduck,0.0038659794,0.43986255,0.17396908,0.43986255,0.17396908,0.66494846,0.0038659794,0.66494846
VALIDATION,gs://ducks2/ducks5/rubber-ducks-picture-id471880677-2021-03-28T08:17:33.717Z.jpg,rubberduck,0.57731956,0.45704466,0.7693299,0.45704466,0.7693299,0.6821306,0.57731956,0.6821306
VALIDATION,gs://ducks2/ducks5/rubber-ducks-picture-id471880677-2021-03-28T08:17:33.717Z.jpg,rubberduck,0.18041237,0.4329897,0.378866,0.4329897,0.378866,0.67697597,0.18041237,0.67697597
VALIDATION,gs://ducks2/ducks5/rubber-ducks-picture-id471880677-2021-03-28T08:17:33.717Z.jpg,rubberduck,0.7152062,0.66494846,0.91494846,0.66494846,0.91494846,0.8848797,0.7152062,0.8848797
VALIDATION,gs://ducks2/ducks5/rubber-ducks-picture-id471880677-2021-03-28T08:17:33.717Z.jpg,rubberduck,0.39561856,0.1838488,0.59664947,0.1838488,0.59664947,0.3797251,0.39561856,0.3797251
VALIDATION,gs://ducks2/ducks5/rubber-ducks-picture-id471880677-2021-03-28T08:17:33.717Z.jpg,rubberduck,0.076030925,0.005154639,0.27061856,0.005154639,0.27061856,0.17525773,0.076030925,0.17525773
VALIDATION,gs://ducks2/ducks5/rubber-ducks-picture-id471880677-2021-03-28T08:17:33.717Z.jpg,rubberduck,0.10051546,0.28350514,0.27061856,0.28350514,0.27061856,0.5274914,0.10051546,0.5274914
VALIDATION,gs://ducks2/ducks5/rubber-ducks-picture-id471880677-2021-03-28T08:17:33.717Z.jpg,rubberduck,0.042525772,0.7405498,0.23067011,0.7405498,0.23067011,0.9948454,0.042525772,0.9948454
VALIDATION,gs://ducks2/ducks5/rubber-ducks-picture-id471880677-2021-03-28T08:17:33.717Z.jpg,rubberduck,0.24613403,0.59965634,0.4548969,0.59965634,0.4548969,0.8436426,0.24613403,0.8436426
VALIDATION,gs://ducks2/ducks5/rubber-ducks-picture-id471880677-2021-03-28T08:17:33.717Z.jpg,rubberduck,0.48582473,0.30068728,0.6688144,0.30068728,0.6688144,0.5343643,0.48582473,0.5343643
VALIDATION,gs://ducks2/ducks5/rubber-ducks-picture-id471880677-2021-03-28T08:17:33.717Z.jpg,rubberduck,0.30927834,0.79553264,0.50128865,0.79553264,0.50128865,0.9948454,0.30927834,0.9948454
TRAIN,gs://ducks2/ducks5/cute-looking-yellow-rubber-duck-picture-id182760814-2021-03-28T08:02:36.770Z.jpg,rubberduck,0.2100271,0.029900333,0.8197832,0.029900333,0.8197832,0.8986711,0.2100271,0.8986711
TRAIN,gs://ducks2/ducks5/rubber-duckie-on-yellow-background-picture-id1219405324-2021-03-28T08:16:38.979Z.jpg,,,,,,,,,
VALIDATION,gs://ducks2/ducks5/duckling-simple-vector-icon-vector-id1045035708-2021-03-28T08:17:33.717Z.jpg,,,,,,,,,
TEST,gs://ducks2/ducks5/rubber-duck-picture-id183415992-2021-03-28T08:17:33.717Z.jpg,,,,,,,,,
TRAIN,gs://ducks2/ducks5/rubber-duck-picture-id184360199-2021-03-28T08:16:38.979Z.jpg,,,,,,,,,
TRAIN,gs://ducks2/ducks5/rubber-duck-picture-id98325371-2021-03-28T08:16:38.979Z.jpg,,,,,,,,,
TEST,gs://ducks2/ducks5/rubber-duck-and-ducklings-picture-id878149372-2021-03-28T08:17:33.717Z.jpg,rubberduck,0.37221727,0.4347079,0.5618878,0.4347079,0.5618878,0.7749141,0.37221727,0.7749141
TEST,gs://ducks2/ducks5/rubber-duck-and-ducklings-picture-id878149372-2021-03-28T08:17:33.717Z.jpg,rubberduck,0.75690114,0.44158074,0.94122887,0.44158074,0.94122887,0.7697595,0.75690114,0.7697595
TEST,gs://ducks2/ducks5/rubber-duck-and-ducklings-picture-id878149372-2021-03-28T08:17:33.717Z.jpg,rubberduck,0.56901157,0.4347079,0.7515583,0.4347079,0.7515583,0.7749141,0.56901157,0.7749141
TEST,gs://ducks2/ducks5/rubber-duck-and-ducklings-picture-id878149372-2021-03-28T08:17:33.717Z.jpg,rubberduck,0.07390917,0.29381442,0.35084596,0.29381442,0.35084596,0.78006876,0.07390917,0.78006876
TEST,gs://ducks2/ducks5/pexels-designecologist-1751277-2021-03-28T08:03:59.320Z.jpg,rubberduck,0.68217057,0.15116279,0.82724255,0.15116279,0.82724255,0.44019935,0.68217057,0.44019935
TEST,gs://ducks2/ducks5/pexels-designecologist-1751277-2021-03-28T08:03:59.320Z.jpg,rubberduck,0.627907,0.51328903,0.7320044,0.51328903,0.7320044,0.65614617,0.627907,0.65614617
TEST,gs://ducks2/ducks5/pexels-designecologist-1751277-2021-03-28T08:03:59.320Z.jpg,rubberduck,0.7508306,0.58305645,0.99114066,0.58305645,0.99114066,0.9601329,0.7508306,0.9601329
TEST,gs://ducks2/ducks5/pexels-designecologist-1751277-2021-03-28T08:03:59.320Z.jpg,rubberduck,0.6256921,0.8089701,0.71871537,0.8089701,0.71871537,0.94186044,0.6256921,0.94186044
TEST,gs://ducks2/ducks5/pexels-designecologist-1751277-2021-03-28T08:03:59.320Z.jpg,rubberduck,0.6013289,0.730897,0.6854928,0.730897,0.6854928,0.83554816,0.6013289,0.83554816
TEST,gs://ducks2/ducks5/pexels-designecologist-1751277-2021-03-28T08:03:59.320Z.jpg,rubberduck,0.7630122,0.051495016,0.9900332,0.051495016,0.9900332,0.41860464,0.7630122,0.41860464
TEST,gs://ducks2/ducks5/pexels-designecologist-1751277-2021-03-28T08:03:59.320Z.jpg,rubberduck,0.675526,0.53654486,0.820598,0.53654486,0.820598,0.8421927,0.675526,0.8421927
TRAIN,gs://ducks2/ducks5/closeup-of-rubber-duck-over-white-background-picture-id964205066-2021-03-28T08:02:36.770Z.jpg,rubberduck,0.17165005,0.54318935,0.4108527,0.54318935,0.4108527,0.8704319,0.17165005,0.8704319
TRAIN,gs://ducks2/ducks5/rubber-duck-with-toys-on-blue-background-picture-id763281223-2021-03-28T08:16:38.979Z.jpg,rubberduck,0.32917705,0.2707641,0.6957606,0.2707641,0.6957606,0.589701,0.32917705,0.589701
TRAIN,gs://ducks2/ducks5/rubber-duck-on-yellow-background-picture-id998368980-2021-03-28T08:16:38.979Z.jpg,rubberduck,0.34734514,0.64285713,0.6659292,0.64285713,0.6659292,0.8538206,0.34734514,0.8538206
TRAIN,gs://ducks2/ducks5/baby-bath-isolated-on-white-picture-id171246336-2021-03-28T08:02:36.770Z.jpg,rubberduck,0.34440753,0.8255814,0.3820598,0.8255814,0.3820598,0.9119601,0.34440753,0.9119601
TRAIN,gs://ducks2/ducks5/baby-bath-isolated-on-white-picture-id171246336-2021-03-28T08:02:36.770Z.jpg,rubberduck,0.62015504,0.6063123,0.72868216,0.6063123,0.72868216,0.85215944,0.62015504,0.85215944
TRAIN,gs://ducks2/ducks5/baby-bath-isolated-on-white-picture-id171246336-2021-03-28T08:02:36.770Z.jpg,rubberduck,0.26135105,0.77574754,0.33997786,0.77574754,0.33997786,0.89700997,0.26135105,0.89700997
TRAIN,gs://ducks2/ducks5/baby-bath-isolated-on-white-picture-id171246336-2021-03-28T08:02:36.770Z.jpg,rubberduck,0.3554817,0.7607973,0.42635658,0.7607973,0.42635658,0.8604651,0.3554817,0.8604651
TRAIN,gs://ducks2/ducks5/singled-out-plastic-yellow-and-black-duck-standing-out-from-the-crowd-picture-id680764588-2021-03-28T08:16:38.979Z.jpg,rubberduck,0.71871537,0.7026578,0.8538206,0.7026578,0.8538206,0.948505,0.71871537,0.948505
TRAIN,gs://ducks2/ducks5/singled-out-plastic-yellow-and-black-duck-standing-out-from-the-crowd-picture-id680764588-2021-03-28T08:16:38.979Z.jpg,rubberduck,0.0055370987,0.7026578,0.13732004,0.7026578,0.13732004,0.95514953,0.0055370987,0.95514953
TRAIN,gs://ducks2/ducks5/singled-out-plastic-yellow-and-black-duck-standing-out-from-the-crowd-picture-id680764588-2021-03-28T08:16:38.979Z.jpg,rubberduck,0.14728682,0.6960133,0.28017718,0.6960133,0.28017718,0.948505,0.14728682,0.948505
TRAIN,gs://ducks2/ducks5/singled-out-plastic-yellow-and-black-duck-standing-out-from-the-crowd-picture-id680764588-2021-03-28T08:16:38.979Z.jpg,rubberduck,0.8593577,0.70431894,0.99667776,0.70431894,0.99667776,0.94186044,0.8593577,0.94186044
TRAIN,gs://ducks2/ducks5/singled-out-plastic-yellow-and-black-duck-standing-out-from-the-crowd-picture-id680764588-2021-03-28T08:16:38.979Z.jpg,rubberduck,0.2868217,0.7026578,0.42303434,0.7026578,0.42303434,0.95514953,0.2868217,0.95514953
TRAIN,gs://ducks2/ducks5/singled-out-plastic-yellow-and-black-duck-standing-out-from-the-crowd-picture-id680764588-2021-03-28T08:16:38.979Z.jpg,rubberduck,0.57032114,0.7126246,0.71428573,0.7126246,0.71428573,0.948505,0.57032114,0.948505
TRAIN,gs://ducks2/ducks5/just-ducky-4-picture-id173551154-2021-03-28T08:16:38.979Z.jpg,rubberduck,0.0920398,0.179402,0.9278607,0.179402,0.9278607,0.9086379,0.0920398,0.9086379
TRAIN,gs://ducks2/ducks5/bath-towels-and-rubber-duck-isolated-on-white-background-picture-id185002031-2021-03-28T08:02:36.770Z.jpg,rubberduck,0.27860695,0.16943522,0.5970149,0.16943522,0.5970149,0.37375414,0.27860695,0.37375414
TEST,gs://ducks2/ducks5/pexels-mahrael-boutros-2606219 (1)-2021-03-28T08:03:59.320Z.jpg,rubberduck,0.41906872,0.8222591,0.6042129,0.8222591,0.6042129,0.9667774,0.41906872,0.9667774
TEST,gs://ducks2/ducks5/pexels-mahrael-boutros-2606219 (1)-2021-03-28T08:03:59.320Z.jpg,rubberduck,0.6674058,0.81561464,0.8392461,0.81561464,0.8392461,0.9667774,0.6674058,0.9667774
TEST,gs://ducks2/ducks5/pexels-mahrael-boutros-2606219 (1)-2021-03-28T08:03:59.320Z.jpg,rubberduck,0.1474501,0.83388704,0.34257206,0.83388704,0.34257206,0.9667774,0.1474501,0.9667774
TEST,gs://ducks2/ducks5/pexels-mahrael-boutros-2606219 (1)-2021-03-28T08:03:59.320Z.jpg,rubberduck,0.67184037,0.60299003,0.80266076,0.60299003,0.80266076,0.7890366,0.67184037,0.7890366
TRAIN,gs://ducks2/ducks5/closeup-of-yellow-toy-over-white-background-picture-id1205985235-2021-03-28T08:02:36.770Z.jpg,rubberduck,0.42967886,0.3820598,0.56921375,0.3820598,0.56921375,0.5797342,0.42967886,0.5797342
TRAIN,gs://ducks2/ducks5/closeup-of-yellow-toy-over-white-background-picture-id1205985235-2021-03-28T08:02:36.770Z.jpg,rubberduck,0.269103,0.1627907,0.41306755,0.1627907,0.41306755,0.37707642,0.269103,0.37707642
TRAIN,gs://ducks2/ducks5/closeup-of-yellow-toy-over-white-background-picture-id1205985235-2021-03-28T08:02:36.770Z.jpg,rubberduck,0.20598006,0.44684386,0.36212623,0.44684386,0.36212623,0.64784056,0.20598006,0.64784056
TRAIN,gs://ducks2/ducks5/closeup-of-yellow-toy-over-white-background-picture-id1205985235-2021-03-28T08:02:36.770Z.jpg,rubberduck,0.6267996,0.39202657,0.78294575,0.39202657,0.78294575,0.59468436,0.6267996,0.59468436
TRAIN,gs://ducks2/ducks5/closeup-of-yellow-toy-over-white-background-picture-id1205985235-2021-03-28T08:02:36.770Z.jpg,rubberduck,0.4606866,0.63289034,0.6112957,0.63289034,0.6112957,0.89534885,0.4606866,0.89534885
TRAIN,gs://ducks2/ducks5/closeup-of-yellow-toy-over-white-background-picture-id1205985235-2021-03-28T08:02:36.770Z.jpg,rubberduck,0.5182724,0.1627907,0.65337765,0.1627907,0.65337765,0.35714287,0.5182724,0.35714287
TRAIN,gs://ducks2/ducks5/yellow-duckie-picture-id172146864-2021-03-28T08:16:38.979Z.jpg,rubberduck,0.25027686,0.20598006,0.696567,0.20598006,0.696567,0.9285714,0.25027686,0.9285714
VALIDATION,gs://ducks2/ducks5/closeup-of-yellow-toy-over-white-background-rubber-duck-picture-id1214349748-2021-03-28T08:02:36.770Z.jpg,rubberduck,0.3599114,0.18438539,0.7464009,0.18438539,0.7464009,0.84551495,0.3599114,0.84551495
VALIDATION,gs://ducks2/ducks5/oversized-yellow-plastic-duck-floating-on-water-against-cleat-sky-picture-id565796917-2021-03-28T08:16:38.979Z.jpg,rubberduck,0.10186916,0.07641196,0.59439254,0.07641196,0.59439254,0.96345514,0.10186916,0.96345514
VALIDATION,gs://ducks2/ducks5/one-rubber-ducky-addressing-three-other-rubber-duckies-picture-id172155333-2021-03-28T08:16:38.979Z.jpg,rubberduck,0.572536,0.36378738,0.71871537,0.36378738,0.71871537,0.7093023,0.572536,0.7093023
VALIDATION,gs://ducks2/ducks5/one-rubber-ducky-addressing-three-other-rubber-duckies-picture-id172155333-2021-03-28T08:16:38.979Z.jpg,rubberduck,0.69878185,0.42192692,0.95791805,0.42192692,0.95791805,0.9086379,0.69878185,0.9086379
VALIDATION,gs://ducks2/ducks5/one-rubber-ducky-addressing-three-other-rubber-duckies-picture-id172155333-2021-03-28T08:16:38.979Z.jpg,rubberduck,0.067552604,0.37375414,0.3156146,0.37375414,0.3156146,0.81395346,0.067552604,0.81395346
VALIDATION,gs://ducks2/ducks5/one-rubber-ducky-addressing-three-other-rubber-duckies-picture-id172155333-2021-03-28T08:16:38.979Z.jpg,rubberduck,0.65448505,0.39036545,0.87818384,0.39036545,0.87818384,0.77740866,0.65448505,0.77740866
TEST,gs://ducks2/ducks5/rubber-duck-picture-id164922078-2021-03-28T08:17:33.717Z.jpg,rubberduck,0.25824177,0.1179402,0.77472526,0.1179402,0.77472526,0.86378735,0.25824177,0.86378735
VALIDATION,gs://ducks2/ducks5/yellow-rubber-duck-bath-toy-with-orange-beak-picture-id171574788-2021-03-28T08:16:38.979Z.jpg,rubberduck,0.23798883,0.15116279,0.70167595,0.15116279,0.70167595,0.8023256,0.23798883,0.8023256
TEST,gs://ducks2/ducks5/bath-rubber-duck-picture-id173028580-2021-03-28T08:02:36.770Z.jpg,rubberduck,0.2414175,0.058139537,0.8405316,0.058139537,0.8405316,0.8887043,0.2414175,0.8887043
TEST,gs://ducks2/ducks5/singled-out-plastic-yellow-and-black-duck-standing-out-from-the-crowd-picture-id680764590-2021-03-28T08:16:38.979Z.jpg,rubberduck,0.031062124,0.35714287,0.3436874,0.35714287,0.3436874,0.9584718,0.031062124,0.9584718
TEST,gs://ducks2/ducks5/singled-out-plastic-yellow-and-black-duck-standing-out-from-the-crowd-picture-id680764590-2021-03-28T08:16:38.979Z.jpg,rubberduck,0.6533066,0.34385383,0.97294587,0.34385383,0.97294587,0.961794,0.6533066,0.961794
TEST,gs://ducks2/ducks5/rubber-duckies-picture-id182458351-2021-03-28T08:16:38.979Z.jpg,rubberduck,0.09942639,0.20431894,0.56787765,0.20431894,0.56787765,0.9435216,0.09942639,0.9435216
TEST,gs://ducks2/ducks5/rubber-duckies-picture-id182458351-2021-03-28T08:16:38.979Z.jpg,rubberduck,0.6166348,0.49335548,0.9282983,0.49335548,0.9282983,0.92358804,0.6166348,0.92358804
TEST,gs://ducks2/ducks5/closeup-of-rubber-duck-over-white-background-picture-id773127719-2021-03-28T08:02:36.770Z.jpg,rubberduck,0.34440753,0.32225913,0.61904764,0.32225913,0.61904764,0.6627907,0.34440753,0.6627907
TEST,gs://ducks2/ducks5/rubber-duckie-on-blue-background-picture-id1222826625-2021-03-28T08:16:38.979Z.jpg,rubberduck,0.1738649,0.4551495,0.39977852,0.4551495,0.39977852,0.7890366,0.1738649,0.7890366
TEST,gs://ducks2/ducks5/bright-yellow-rubber-duck-with-red-lips-vector-id166008456-2021-03-28T08:17:33.717Z.jpg,,,,,,,,,
TEST,gs://ducks2/ducks5/scuba-rubber-duck-picture-id175455758-2021-03-28T08:16:38.979Z.jpg,,,,,,,,,
TEST,gs://ducks2/ducks5/many-yellow-rubber-ducks-on-the-ground-and-on-towers-of-yellow-wooden-picture-id1131365521-2021-03-28T08:16:38.979Z.jpg,rubberduck,0.080686696,0.5791757,0.17081545,0.5791757,0.17081545,0.8199566,0.080686696,0.8199566
TEST,gs://ducks2/ducks5/many-yellow-rubber-ducks-on-the-ground-and-on-towers-of-yellow-wooden-picture-id1131365521-2021-03-28T08:16:38.979Z.jpg,rubberduck,0.32103005,0.47939262,0.40686697,0.47939262,0.40686697,0.6681128,0.32103005,0.6681128
TEST,gs://ducks2/ducks5/many-yellow-rubber-ducks-on-the-ground-and-on-towers-of-yellow-wooden-picture-id1131365521-2021-03-28T08:16:38.979Z.jpg,rubberduck,0.01030043,0.7678959,0.09613734,0.7678959,0.09613734,0.9804772,0.01030043,0.9804772
TEST,gs://ducks2/ducks5/many-yellow-rubber-ducks-on-the-ground-and-on-towers-of-yellow-wooden-picture-id1131365521-2021-03-28T08:16:38.979Z.jpg,rubberduck,0.90643775,0.7852495,0.9888412,0.7852495,0.9888412,0.95878524,0.90643775,0.95878524
TEST,gs://ducks2/ducks5/many-yellow-rubber-ducks-on-the-ground-and-on-towers-of-yellow-wooden-picture-id1131365521-2021-03-28T08:16:38.979Z.jpg,rubberduck,0.51502144,0.47071582,0.59570813,0.47071582,0.59570813,0.659436,0.51502144,0.659436
TEST,gs://ducks2/ducks5/many-yellow-rubber-ducks-on-the-ground-and-on-towers-of-yellow-wooden-picture-id1131365521-2021-03-28T08:16:38.979Z.jpg,rubberduck,0.18025751,0.46637744,0.26952788,0.46637744,0.26952788,0.6550976,0.18025751,0.6550976
TEST,gs://ducks2/ducks5/many-yellow-rubber-ducks-on-the-ground-and-on-towers-of-yellow-wooden-picture-id1131365521-2021-03-28T08:16:38.979Z.jpg,rubberduck,0.8103004,0.7071583,0.8927039,0.7071583,0.8927039,0.95878524,0.8103004,0.95878524
TEST,gs://ducks2/ducks5/many-yellow-rubber-ducks-on-the-ground-and-on-towers-of-yellow-wooden-picture-id1131365521-2021-03-28T08:16:38.979Z.jpg,rubberduck,0.4609442,0.27114967,0.53905576,0.27114967,0.53905576,0.5075922,0.4609442,0.5075922
TEST,gs://ducks2/ducks5/many-yellow-rubber-ducks-on-the-ground-and-on-towers-of-yellow-wooden-picture-id1131365521-2021-03-28T08:16:38.979Z.jpg,rubberduck,0.38369098,0.030368764,0.4832618,0.030368764,0.4832618,0.21258135,0.38369098,0.21258135
TEST,gs://ducks2/ducks5/many-yellow-rubber-ducks-on-the-ground-and-on-towers-of-yellow-wooden-picture-id1131365521-2021-03-28T08:16:38.979Z.jpg,rubberduck,0.6806867,0.46420825,0.77253217,0.46420825,0.77253217,0.6616052,0.6806867,0.6616052
TEST,gs://ducks2/ducks5/many-yellow-rubber-ducks-on-the-ground-and-on-towers-of-yellow-wooden-picture-id1131365521-2021-03-28T08:16:38.979Z.jpg,rubberduck,0.5888412,0.62906724,0.67897,0.62906724,0.67897,0.80911064,0.5888412,0.80911064
